{
  "version": 1,
  "author": "Rifqi",
  "editor": "wokwi",
  "parts": [
    { "type": "wokwi-arduino-uno", "id": "uno", "top": 87, "left": 18.6, "attrs": {} },
    {
      "type": "wokwi-7segment",
      "id": "sevseg1",
      "top": -80.58,
      "left": 163.76,
      "attrs": { "digits": "2", "colon": "", "color": "#00ff00", "common": "cathode" }
    },
    {
      "type": "wokwi-pushbutton",
      "id": "btn1",
      "top": 18.6,
      "left": -112.2,
      "rotate": 90,
      "attrs": { "color": "green", "bounce": "1" }
    }
  ],
  "connections": [
    [ "btn1:1.r", "uno:5V", "black", [ "v243", "h252.6", "v-9.6" ] ],
    [ "btn1:2.r", "uno:GND.2", "orange", [ "v223.8", "h281.2" ] ],
    [ "btn1:2.l", "uno:10", "green", [ "v-45.2", "h108.4", "v115.2", "h153.6" ] ],
    [ "sevseg1:C", "uno:9", "white", [ "v47.16", "h-9.6" ] ],
    [ "sevseg1:E", "uno:8", "gray", [ "v56.76", "h-19.2" ] ],
    [ "sevseg1:D", "uno:7", "violet", [ "v66.36", "h-19.2" ] ],
    [ "sevseg1:G", "uno:6", "blue", [ "h0", "v75.96", "h-9.6" ] ],
    [
      "sevseg1:F",
      "uno:5",
      "gray",
      [ "v-9.6", "h38.4", "v86.4", "h-28.8", "v67.2", "h-19.2", "v9.6" ]
    ],
    [
      "sevseg1:DIG2",
      "uno:4",
      "gold",
      [ "v-19.2", "h57.6", "v105.6", "h-28.8", "v57.6", "h-19.2", "v9.6" ]
    ],
    [
      "sevseg1:DIG1",
      "uno:3",
      "orange",
      [ "v-28.8", "h76.8", "v134.4", "h-28.8", "v48", "h-19.2" ]
    ],
    [ "sevseg1:B", "uno:2", "cyan", [ "v-38.4", "h96", "v163.2", "h-28.8" ] ],
    [ "sevseg1:A", "uno:1", "#8f4814", [ "v-48", "h115.2", "v182.4", "h-38.4", "v9.6" ] ]
  ],
  "dependencies": {}
}